{"cameraMode":{"drawMode":0,"name":"Shaded","section":"Shading Mode"},"sceneLighting":true,"audioPlay":false,"sceneViewState":{"showFog":true,"showMaterialUpdate":false,"showSkybox":true,"showFlares":true,"showImageEffects":true,"showParticleSystems":true,"showVisualEffectGraphs":true,"m_FxEnabled":true},"in2DMode":false,"pivot":{"x":8.20444107055664,"y":4.178325653076172,"z":-3.7808303833007814},"rotation":{"x":-0.25166383385658266,"y":0.006677178665995598,"z":-0.0017706375801935793,"w":-0.9678186178207398},"size":9.052852630615235,"orthographic":false}