{"cameraMode":{"drawMode":0,"name":"Shaded","section":"Shading Mode"},"sceneLighting":false,"audioPlay":false,"sceneViewState":{"showFog":true,"showMaterialUpdate":false,"showSkybox":false,"showFlares":true,"showImageEffects":true,"showParticleSystems":true,"showVisualEffectGraphs":true,"m_FxEnabled":true},"in2DMode":false,"pivot":{"x":25.098834991455079,"y":0.4901059865951538,"z":-0.0741434097290039},"rotation":{"x":-0.08617125451564789,"y":-0.05287114530801773,"z":0.00457106763496995,"w":-0.9948810338973999},"size":2.8640024662017824,"orthographic":false}